"entry_id","site_id","channel_id","author_id","forum_topic_id","ip_address","title","url_title","status","status_id","versioning_enabled","view_count_one","view_count_two","view_count_three","view_count_four","allow_comments","sticky","entry_date","year","month","day","expiration_date","comment_expiration_date","edit_date","recent_comment_date","comment_total","description","price","class","photo","inventory","inventory_main","inventory_tx","inventory_nc","weight","in_transit_qty_main","manufactuers_lead_time","on_order_po_main","max_product_discount","price_3","um","inventory_ca","po_req_date_main","buyer","on_order_po_nc","on_order_po_tx","on_order_po_ca","in_transit_qty_nc","in_transit_qty_tx","in_transit_qty_ca","po_req_date_tx","po_req_date_nc","po_req_date_ca","height","width","length","category_product_categories",
"93615","1","37","1","","0","0032","0032","closed","2","n","0","0","0","0","n","n","1579570394","2020","01","20","0","0","1673926533","","0","0032","0","AS","","0","0","0","0","0","0","0","0","25","0","EACH","0","","","0","0","0","0","0","0","0","0","0","","","","",
"93616","1","37","1","","0","003BM10","003bm10","closed","2","n","0","0","0","0","n","n","1579570398","2020","01","20","0","0","1673926613","","0","003BM10","0","AS","","0","0","0","0","0","0","0","0","25","0","EACH","0","","","0","0","0","0","0","0","0","0","0","","","","",
"93617","1","37","1","","0","003TM02","003tm02","closed","2","n","0","0","0","0","n","n","1579570402","2020","01","20","0","0","1673926613","","0","003TM02","0","AS","","0","0","0","0","0","0","0","0","25","0","EACH","0","","","0","0","0","0","0","0","0","0","0","","","","",
"93618","1","37","1","","0","01 020 N70","01-020-n70","closed","2","n","0","0","0","0","n","n","1579570406","2020","01","20","0","0","1673926613","","0","01 020 N70","0","AS","","449","0","0","347","0","0","0","0","25","0","EACH","0","","","0","0","0","0","0","0","0","0","0","","","","",
"93619","1","37","1","","0","01.NR.250.1VG.10.B.V","01.nr.250.1vg.10.b.v","open","1","n","0","0","0","0","n","n","1579570410","2020","01","20","0","0","1674988213","","0","Hydraulic Filter","87","KF-PURCH","","1","1","0","0","0","0","21","0","0","0","EACH","0","","","0","0","0","0","0","0","","","","0.0000","0.0000","0.0000","",
"93620","1","37","1","","0","01-0011","01-0011","open","1","n","0","0","0","0","n","n","1579570414","2020","01","20","0","0","1674989454","","0","143984 ^CARTRIDGE, WATER/GLYCOL","20.5","OI","","249","0","84","115","1.67","0","0","0","15","0","EACH","0","","","0","0","0","0","0","0","","","","0.0000","0.0000","0.0000","",
"93621","1","37","1","","0","01-00111","01-00111","closed","2","n","0","0","0","0","n","n","1579570418","2020","01","20","0","0","1675017116","","0","1613-9014-00 ^AIR/OIL SEPARATOR USE KD250-052","75.25","SEP-PURCH","","2","0","0","0","1","0","0","0","25","0","EACH","0","","","0","0","0","0","0","0","","","","0.0000","0.0000","0.0000","",
"93622","1","37","1","","0","01-0012","01-0012","closed","2","n","0","0","0","0","n","n","1579570423","2020","01","20","0","0","1675048725","","0","172.13145 ^CARTRIDGE, OIL use kl200-029","23","OI","","155","0","0","0","3.8","0","0","0","20","0","EACH","0","","STOCK","0","0","0","0","0","0","","","","0.0000","0.0000","0.0000","",
"93623","1","37","1","","0","01-00121","01-00121","open","1","n","0","0","0","0","n","n","1579570427","2020","01","20","0","0","1675047627","","0","use KV25-014 92824473 ^AIR/OIL SEPARATOR","63","AS","","12","0","0","0","2","0","0","0","25","0","EACH","0","","","0","0","0","0","0","0","","","","0.0000","0.0000","0.0000","",
"93624","1","37","1","","0","01-0013","01-0013","open","1","n","0","0","0","0","n","n","1579570431","2020","01","20","0","0","1674987183","","0","use KL190-040 02250155-709 ^ELEMENT, OIL","81","OI","","0","0","0","0","0.5","0","0","0","15","0","EACH","0","","","0","0","0","0","0","0","","","","0.0000","0.0000","0.0000","",
"93625","1","37","1","","0","01-00131","01-00131","closed","2","n","0","0","0","0","n","n","1579570435","2020","01","20","0","0","1673926613","","0","01-00131","0","AS","","0","0","0","0","0","0","0","0","25","0","EACH","0","","","0","0","0","0","0","0","","","","","","","",
"93626","1","37","1","","0","01-0014","01-0014","open","1","n","0","0","0","0","n","n","1579570441","2020","01","20","0","0","1675179511","","0","02250156-601 ^ELEMENT, OIL","65","OI","","110","44","0","48","2","0","0","460","15","0","EACH","0","","","0","0","0","0","0","0","","","","0.0000","0.0000","0.0000","",
"93627","1","37","1","","0","01-00145","01-00145","open","1","n","0","0","0","0","n","n","1579570445","2020","01","20","0","0","1675011422","","0","98262/5133 ^AIR/OIL SEPARATOR","70.75","AS","","1","0","0","5","3","0","0","0","25","0","EACH","0","","","0","0","0","0","0","0","","","","0.0000","0.0000","0.0000","",
"93628","1","37","1","","0","01-0015","01-0015","open","1","n","0","0","0","0","n","n","1579570449","2020","01","20","0","0","1674997473","","0","DSC-624 ^CARTRIDGE, OIL","52","OI","","6","0","0","29","2","0","0","0","20","0","EACH","0","","","0","0","0","0","0","0","","","","0.0000","0.0000","0.0000","",
"93629","1","37","1","","0","01-0016","01-0016","open","1","n","0","0","0","0","n","n","1579570453","2020","01","20","0","0","1675035095","","0","use KL325-033 2118345  ^  OIL FILTER","75.25","OI","","32","0","0","0","0","0","0","0","20","0","EACH","0","","","0","0","0","0","0","0","","","","0.0000","0.0000","0.0000","",
"93630","1","37","1","","0","01-0017","01-0017","open","1","n","0","0","0","0","n","n","1579570457","2020","01","20","0","0","1675017220","","0","use KL585-017 572.00222 ^CARTRIDGE, OIL","16.5","OI","","5","0","0","0","0","0","0","0","20","0","EACH","0","","","0","0","0","0","0","0","","","","0.0000","0.0000","0.0000","",
"93631","1","37","1","","0","01-0018","01-0018","open","1","n","0","0","0","0","n","n","1579570462","2020","01","20","0","0","1674997681","","0","02250049-821 ^CARTRIDGE, OIL","22.75","OI","","175","0","64","63","2","0","0","0","10","0","EACH","0","","","0","0","0","0","0","0","","","","0.0000","0.0000","0.0000","",
"93632","1","37","1","","0","01-0019","01-0019","open","1","n","0","0","0","0","n","n","1579570466","2020","01","20","0","0","1675043438","","0","use KL190-041 23424922 ^ELEMENT, OIL","128.5","OI","","11","0","0","0","1.5","0","0","0","15","0","EACH","0","","","0","0","0","0","0","0","","","","0.0000","0.0000","0.0000","",
"93633","1","37","1","","0","01-0020","01-0020","open","1","n","0","0","0","0","n","n","1579570470","2020","01","20","0","0","1675050461","","0","58874769 ^ELEMENT, OIL","41.75","AS","","3","0","0","1","0","0","0","0","0","0","EACH","0","","","0","0","0","0","0","0","","","","0.0000","0.0000","0.0000","",
"93634","1","37","1","","0","01-00201","01-00201","closed","2","n","0","0","0","0","n","n","1579570474","2020","01","20","0","0","1675060712","","0","25300010-021C ^AIR/OIL SEPARATOR","43.25","AS","","0","0","0","0","0","0","0","0","25","0","EACH","0","","","0","0","0","0","0","0","","","","0.0000","0.0000","0.0000","",
"93635","1","37","1","","0","01-00216","01-00216","closed","2","n","0","0","0","0","n","n","1579570483","2020","01","20","0","0","1629238222","","0","01-00216","0","AS","","0","0","0","0","0","0","0","0","25","0","EACH","0","","","0","0","0","0","0","0","","","","","","","",
"93636","1","37","1","","0","01-00231","01-00231","open","1","n","0","0","0","0","n","n","1579570487","2020","01","20","0","0","1675055138","","0","22305577 ^AIR/OIL SEPARATOR","93","AS","","0","0","0","0","0","0","0","0","25","0","EACH","0","","","0","0","0","0","0","0","","","","0.0000","0.0000","0.0000","",
"93637","1","37","1","","0","01-0026","01-0026","open","1","n","0","0","0","0","n","n","1579570491","2020","01","20","0","0","1675026600","","0","98262/1030 ^CARTRIDGE, OIL","39","OI","","225","0","51","130","2","0","0","0","15","0","EACH","0","","","0","0","0","0","0","0","","","","0.0000","0.0000","0.0000","",
"93638","1","37","1","","0","01-0027","01-0027","open","1","n","0","0","0","0","n","n","1579570494","2020","01","20","0","0","1674998290","","0","048460000 ^ELEMENT, STRAINER","54.25","OI","","11","0","0","21","0.25","0","0","0","0","0","EACH","0","","","0","0","0","0","0","0","","","","0.0000","0.0000","0.0000","",
"93639","1","37","1","","0","01-0028","01-0028","open","1","n","0","0","0","0","n","n","1579570498","2020","01","20","0","0","1675041107","","0","EFC89755919 ^CARTRIDGE, OIL","31","OI","","38","0","1","341","3","0","0","0","15","0","EACH","0","","","374","0","0","0","0","0","","1677214800","","0.0000","0.0000","0.0000","",
"93640","1","37","1","","0","01-00281","01-00281","open","1","n","0","0","0","0","n","n","1579570503","2020","01","20","0","0","1675048240","","0","CEJ610 ^AIR/OIL SEPARATOR","104.75","AS","","1","0","0","0","3","0","0","0","25","0","EACH","0","","","0","0","0","0","0","0","","","","0.0000","0.0000","0.0000","",
"93641","1","37","1","","0","01-00285","01-00285","open","1","n","0","0","0","0","n","n","1579570507","2020","01","20","0","0","1675038571","","0","use KD285-007 1615-7695-00 ^AIR/OIL SEPARATOR","84.5","AS","","49","0","0","0","3","0","0","0","25","0","EACH","0","","","0","0","0","0","0","0","","","","0.0000","0.0000","0.0000","",
"93642","1","37","1","","0","01-0029","01-0029","open","1","n","0","0","0","0","n","n","1579570511","2020","01","20","0","0","1675015172","","0","1228337-0016 ^CARTRIDGE, OIL","56.25","OI","","8","0","0","31","2","0","0","0","15","0","EACH","0","","","22","0","0","0","0","0","","1675400400","","0.0000","0.0000","0.0000","",
"93643","1","37","1","","0","01-00291","01-00291","open","1","n","0","0","0","0","n","n","1579570516","2020","01","20","0","0","1675042053","","0","49 300 52 181 ^ AIR/OIL SEPARATOR","111.75","AS","","0","0","0","0","0","0","0","0","25","0","EACH","0","","","0","0","0","0","0","0","","","","0.0000","0.0000","0.0000","",
"93644","1","37","1","","0","01-00301","01-00301","open","1","n","0","0","0","0","n","n","1579570520","2020","01","20","0","0","1675011150","","0","DSR-10A ^A/O AIR/OIL SEPARATOR","185.5","AS","","1","0","0","3","0","0","0","0","25","0","EACH","0","","","0","0","0","0","0","0","","","","0.0000","0.0000","0.0000","",
"93645","1","37","1","","0","01-0031","01-0031","open","1","n","0","0","0","0","n","n","1579570524","2020","01","20","0","0","1675119604","","0","300005 ^CARTRIDGE, OIL","8.25","OI","","365","0","1","151","2","0","0","0","20","0","EACH","0","","","0","0","0","0","0","0","","","","0.0000","0.0000","0.0000","",
"93646","1","37","1","","0","01-0032","01-0032","open","1","n","0","0","0","0","n","n","1579570528","2020","01","20","0","0","1675040378","","0","use KL490-003  561006 ^CARTRIDGE, OIL","20","OI","","181","0","0","0","6.5","0","0","0","20","0","EACH","0","","STOCK","0","0","0","0","0","0","","","","0.0000","0.0000","0.0000","",
"93647","1","37","1","","0","01-00321","01-00321","open","1","n","0","0","0","0","n","n","1579570533","2020","01","20","0","0","1675041197","","0","KV80-001 ^AIR/OIL SEPARATOR","65.75","AS","","0","0","0","0","0","0","0","0","25","0","EACH","0","","","0","0","0","0","0","0","","","","0.0000","0.0000","0.0000","",
"93648","1","37","1","","0","01-00322","01-00322","closed","2","n","0","0","0","0","n","n","1579570537","2020","01","20","0","0","1675040602","","0","1311125000 ^AIR/OIL SEPARATOR KV45-052","105.75","AS","","0","0","0","0","3","0","0","0","25","0","EACH","0","","","0","0","0","0","0","0","","","","0.0000","0.0000","0.0000","",
"93649","1","37","1","","0","01-0033","01-0033","open","1","n","0","0","0","0","n","n","1579570542","2020","01","20","0","0","1674995936","","0","use KL685-007 9056113 ^CARTRIDGE, OIL","21","OI","","521","0","76","0","2","0","0","0","20","0","EACH","0","","","0","0","0","0","0","0","","","","0.0000","0.0000","0.0000","",
"93650","1","37","1","","0","01-0034","01-0034","open","1","n","0","0","0","0","n","n","1579570547","2020","01","20","0","0","1674996886","","0","use KL950-009 250025-525 ^CARTRIDGE, OIL","25.75","OI","","670","0","2","0","3","0","0","0","15","0","EACH","0","","","0","0","0","0","0","0","","","","0.0000","0.0000","0.0000","",
"93651","1","37","1","","0","01-0035","01-0035","closed","2","n","0","0","0","0","n","n","1579570551","2020","01","20","0","0","1675046735","","0","use KL1000-014 9057431 ^CARTRIDGE, OIL","37.25","OI","","75","0","0","0","4","0","0","0","25","0","EACH","0","","STOCK","0","0","0","0","0","0","","","","0.0000","0.0000","0.0000","",
"93652","1","37","1","","0","01-0036","01-0036","open","1","n","0","0","0","0","n","n","1579570556","2020","01","20","0","0","1674986597","","0","use KL850-009 02250050-602 ^CARTRIDGE, OIL","18.25","OI","","275","0","0","0","2","0","0","0","20","0","EACH","0","","","0","0","0","0","0","0","","","","0.0000","0.0000","0.0000","",
"93653","1","37","1","","0","01-0037","01-0037","closed","2","n","0","0","0","0","n","n","1579570560","2020","01","20","0","0","1675033951","","0","43-1041 ^CARTRIDGE, OIL use kl750-020","15.25","OI","","183","0","0","0","2","0","0","0","25","0","EACH","0","","","0","0","0","0","0","0","","","","0.0000","0.0000","0.0000","",
"93654","1","37","1","","0","01-0038","01-0038","open","1","n","0","0","0","0","n","n","1579570564","2020","01","20","0","0","1674988872","","0","36897353 ^CARTRIDGE, OIL","14.5","OI","","87","0","0","0","1","0","0","0","25","0","EACH","0","","","204","0","0","0","0","0","","1679025600","","0.0000","0.0000","0.0000","",
"93655","1","37","1","","0","01-0039","01-0039","closed","2","n","0","0","0","0","n","n","1579570573","2020","01","20","0","0","1675009687","","0","use KL475-008 CARTRIDGE, ^OIL","16","OI","","377","0","0","0","2.5","0","0","0","20","0","EACH","0","","STOCK","0","0","0","0","0","0","","","","0.0000","0.0000","0.0000","",
"93656","1","37","1","","0","01-00391","01-00391","closed","2","n","0","0","0","0","n","n","1579570577","2020","01","20","0","0","1675003555","","0","6.3574.0 ^AIR/OIL SEPARATOR use KV45-055","85.75","AS","","3","0","0","0","0","0","0","0","25","0","EACH","0","","","0","0","0","0","0","0","","","","0.0000","0.0000","0.0000","",
"93657","1","37","1","","0","01-0040","01-0040","open","1","n","0","0","0","0","n","n","1579570581","2020","01","20","0","0","1674995622","","0","use KL200-025 27343-657 ^CARTRIDGE, OIL","7.75","OI","","306","0","0","0","1","0","0","0","20","0","EACH","0","","STOCK","0","0","0","0","0","0","","","","0.0000","0.0000","0.0000","",
"93658","1","37","1","","0","01-0041","01-0041","open","1","n","0","0","0","0","n","n","1579570585","2020","01","20","0","0","1675010454","","0","use KL250-028 1310-0940-83 ^CARTRIDGE, OIL","13","OI","","152","0","3","0","1","0","0","0","20","0","EACH","0","","","0","0","0","0","0","0","","","","0.0000","0.0000","0.0000","",
"93659","1","37","1","","0","01-00411","01-00411","open","1","n","0","0","0","0","n","n","1579570592","2020","01","20","0","0","1675012395","","0","use KV40-001 AIR/OIL SEPARATOR","95","AS","","0","0","0","0","9","0","0","0","25","0","EACH","0","","","0","0","0","0","0","0","","","","0.0000","0.0000","0.0000","",
"93660","1","37","1","","0","01-00413","01-00413","closed","2","n","0","0","0","0","n","n","1579570596","2020","01","20","0","0","1673926613","","0","01-00413","0","AS","","0","0","0","0","5","0","0","0","25","0","EACH","0","","","0","0","0","0","0","0","","","","","","","",
"93661","1","37","1","","0","01-0042","01-0042","open","1","n","0","0","0","0","n","n","1579570601","2020","01","20","0","0","1675100159","","0","0054436 ^CARTRIDGE, OIL","10.5","OI","","218","116","87","76","1.35","0","0","0","20","0","EACH","0","","","120","0","0","0","0","0","","1689825600","","0.0000","0.0000","0.0000","",
"93662","1","37","1","","0","01-00421","01-00421","open","1","n","0","0","0","0","n","n","1579570606","2020","01","20","0","0","1612470220","","0",".","50.5","AS","","0","0","0","0","0","0","0","0","0","0","EACH","0","","","0","0","0","0","0","0","","","","","","","",
"93663","1","37","1","","0","01-0043","01-0043","open","1","n","0","0","0","0","n","n","1579570610","2020","01","20","0","0","1675045083","","0","2202-9296-00 ^CARTRIDGE,OIL USE KL335-015","38.25","OI","","44","0","0","0","2","0","0","0","20","0","EACH","0","","","0","0","0","0","0","0","","","","0.0000","0.0000","0.0000","",
"93664","1","37","1","","0","01-00431","01-00431","open","1","n","0","0","0","0","n","n","1579570620","2020","01","20","0","0","1675022394","","0","CEL65 ^AIR/OIL SEPARATOR","103.75","AS","","0","0","0","0","0","0","0","0","25","0","EACH","0","","","0","0","0","0","0","0","","","","0.0000","0.0000","0.0000","",
"93665","1","37","1","","0","01-0044","01-0044","open","1","n","0","0","0","0","n","n","1579570624","2020","01","20","0","0","1675055526","","0","use KL320-014 ATOF-51452 ^CARTRIDGE, OIL","9.5","OI","","69","0","0","0","1.25","0","0","0","20","0","EACH","0","","","0","0","0","0","0","0","","","","0.0000","0.0000","0.0000","",
"93666","1","37","1","","0","01-0045","01-0045","open","1","n","0","0","0","0","n","n","1579570628","2020","01","20","0","0","1675006176","","0","USE KL200-026  4225 ^CARTRIDGE, OIL","7.75","OI","","895","0","0","0","0.58","0","0","0","20","0","EACH","0","","STOCK","0","0","0","0","0","0","","","","0.0000","0.0000","0.0000","",
"93667","1","37","1","","0","01-00451","01-00451","open","1","n","0","0","0","0","n","n","1579570635","2020","01","20","0","0","1675007839","","0","CEQ56A ^AIR/OIL SEPARATOR","70.75","AS","","0","0","0","1","5","0","0","0","25","0","EACH","0","","","0","0","0","0","0","0","","","","0.0000","0.0000","0.0000","",
"93668","1","37","1","","0","01-0046","01-0046","open","1","n","0","0","0","0","n","n","1579570639","2020","01","20","0","0","1674994626","","0","use KL750-044 2117916 ^CARTRIDGE, OIL","21","OI","","173","0","0","0","2","0","0","0","20","0","EACH","0","","","0","0","0","0","0","0","","","","0.0000","0.0000","0.0000","",
"93669","1","37","1","","0","01-0047","01-0047","open","1","n","0","0","0","0","n","n","1579570646","2020","01","20","0","0","1675047404","","0","use KL600-026 1614-8747-00 ^CARTRIDGE, OIL","9.5","OI","","421","0","0","0","1.25","0","0","0","20","0","EACH","0","","","0","0","0","0","0","0","","","","0.0000","0.0000","0.0000","",
"93670","1","37","1","","0","01-00471","01-00471","open","1","n","0","0","0","0","n","n","1579570650","2020","01","20","0","0","1674998724","","0","CEGD46 ^AIR/OIL SEPARATOR","79","AS","","1","0","0","0","0","0","0","0","25","0","EACH","0","","","0","0","0","0","0","0","","","","0.0000","0.0000","0.0000","",
"93671","1","37","1","","0","01-0048","01-0048","closed","2","n","0","0","0","0","n","n","1579570654","2020","01","20","0","0","1674989680","","0","2118342 ELEMENT, OIL use kl230-021","81","OI","","42","0","0","0","1","0","0","0","20","0","EACH","0","","STOCK","0","0","0","0","0","0","","","","0.0000","0.0000","0.0000","",
"93672","1","37","1","","0","01-00481","01-00481","closed","2","n","0","0","0","0","n","n","1579570658","2020","01","20","0","0","1675038379","","0","CEW1021 ^AIR/OIL SEPARATOR use kv480-001","203.25","AS","","0","0","0","0","30","0","0","0","25","0","EACH","0","","","0","0","0","0","0","0","","","","0.0000","0.0000","0.0000","",
"93673","1","37","1","","0","01-0049","01-0049","open","1","n","0","0","0","0","n","n","1579570663","2020","01","20","0","0","1675054381","","0","200EBM369 ^CARTRIDGE, OIL","32.5","OI","","42","0","20","12","1","0","0","0","20","0","EACH","0","","","0","0","0","0","0","0","","","","0.0000","0.0000","0.0000","",
"93674","1","37","1","","0","01-0050","01-0050","closed","2","n","0","0","0","0","n","n","1579570667","2020","01","20","0","0","1675031468","","0","9709-0007-35 ^CARTRIDGE, OIL use kl550-010","15.75","OI","","155","0","45","0","1.5","0","0","0","20","0","EACH","0","","","0","0","0","0","0","0","","","","0.0000","0.0000","0.0000","",
"93675","1","37","1","","0","01-0051","01-0051","open","1","n","0","0","0","0","n","n","1579570676","2020","01","20","0","0","1675016696","","0","use KL405-006 128598 ^CARTRIDGE, OIL","20.5","OI","","74","0","0","0","1.35","0","0","0","20","0","EACH","0","","","0","0","0","0","0","0","","","","0.0000","0.0000","0.0000","",
"93676","1","37","1","","0","01-0052","01-0052","open","1","n","0","0","0","0","n","n","1579570680","2020","01","20","0","0","1675050627","","0","use KL450-014 1613-6105-00 ^CARTRIDGE, OIL","11","OI","","736","0","0","0","1.5","0","0","0","20","0","EACH","0","","","0","0","0","0","0","0","","","","0.0000","0.0000","0.0000","",
"93677","1","37","1","","0","01-0053","01-0053","open","1","n","0","0","0","0","n","n","1579570683","2020","01","20","0","0","1674987107","","0","0050065 ^CARTRIDGE, OIL","10.75","OI","","426","1","181","151","1.25","0","0","0","15","0","EACH","0","","","0","0","0","0","0","0","","","","0.0000","0.0000","0.0000","",
"93678","1","37","1","","0","01-00531","01-00531","closed","2","n","0","0","0","0","n","n","1579570687","2020","01","20","0","0","1675014072","","0","use KV60-027 1613-7502-01 ^AIR/OIL SEPARATOR","84.5","AS","","25","0","0","0","5","0","0","0","25","0","EACH","0","","STOCK","0","0","0","0","0","0","","","","0.0000","0.0000","0.0000","",
"93679","1","37","1","","0","01-0054","01-0054","open","1","n","0","0","0","0","n","n","1579570691","2020","01","20","0","0","1675024705","","0","use KL185-040 02250168-084 ^ELEMENT, OIL","115.75","OI","","15","0","0","0","1.5","0","0","0","15","0","EACH","0","","","0","0","0","0","0","0","","","","0.0000","0.0000","0.0000","",
"93680","1","37","1","","0","01-00541","01-00541","open","1","n","0","0","0","0","n","n","1579570695","2020","01","20","0","0","1675011295","","0","use KV180-018 1613-6921-00 ^AIR/OIL SEPARATOR","77.5","AS","","1","0","0","0","4","0","0","0","25","0","EACH","0","","","0","0","0","0","0","0","","","","0.0000","0.0000","0.0000","",
"93681","1","37","1","","0","01-0055","01-0055","closed","2","n","0","0","0","0","n","n","1579570700","2020","01","20","0","0","1675031090","","0","02250054-605 ^CARTRIDGE, OIL","80.25","AS","","9","0","0","0","2.5","0","0","0","10","0","EACH","0","","","0","0","0","0","0","0","","","","0.0000","0.0000","0.0000","",
"93682","1","37","1","","0","01-0056","01-0056","open","1","n","0","0","0","0","n","n","1579570704","2020","01","20","0","0","1675037043","","0","C021035018 ^CARTRIDGE, OIL","75.25","OI","","0","0","0","43","0","0","0","0","0","0","EACH","0","","","0","0","0","0","0","0","","","","0.0000","0.0000","0.0000","",
"93683","1","37","1","","0","01-00571","01-00571","closed","2","n","0","0","0","0","n","n","1579570708","2020","01","20","0","0","1673926613","","0","01-00571","0","AS","","0","0","0","0","0","0","0","0","25","0","EACH","0","","","0","0","0","0","0","0","0","0","0","","","","",
"93684","1","37","1","","0","01-00581","01-00581","closed","2","n","0","0","0","0","n","n","1579570713","2020","01","20","0","0","1675041355","","0","4ZK02 ^AIR/OIL SEPARATOR use kv60-037p","64.75","AS","","20","0","0","0","2.5","0","0","0","25","0","EACH","0","","","0","0","0","0","0","0","","","","0.0000","0.0000","0.0000","",
"93685","1","37","1","","0","01-0059","01-0059","open","1","n","0","0","0","0","n","n","1579570717","2020","01","20","0","0","1675013878","","0","use KL240-039 23935059 ^ELEMENT, OIL","86.75","OI","","73","0","0","0","0","0","0","0","20","0","EACH","0","","","0","0","0","0","0","0","","","","0.0000","0.0000","0.0000","",
"93686","1","37","1","","0","01-00591","01-00591","open","1","n","0","0","0","0","n","n","1579570721","2020","01","20","0","0","1674415573","","0","561371 ^AIR/OIL SEPARATOR","87.5","AS","","0","0","0","0","0","0","0","0","25","0","EACH","0","","","0","0","0","0","0","0","","","","0.0000","0.0000","0.0000","",
"93687","1","37","1","","0","01-00601","01-00601","open","1","n","0","0","0","0","n","n","1579570726","2020","01","20","0","0","1675015305","","0","CEGD66 ^AIR/OIL SEPARATOR","65.25","AS","","0","0","0","0","5","0","0","0","25","0","EACH","0","","","0","0","0","0","0","0","","","","0.0000","0.0000","0.0000","",
"93688","1","37","1","","0","01-00603","01-00603","closed","2","n","0","0","0","0","n","n","1579570730","2020","01","20","0","0","1673926613","","0","01-00603","0","AS","","0","0","0","0","0","0","0","0","25","0","EACH","0","","","0","0","0","0","0","0","0","0","0","","","","",
"93689","1","37","1","","0","01-00611","01-00611","open","1","n","0","0","0","0","n","n","1579570734","2020","01","20","0","0","1675024338","","0","92522135 ^AIR/OIL SEPARATOR","66.5","AS","","0","0","0","0","0","0","0","0","25","0","EACH","0","","","0","0","0","0","0","0","","","","0.0000","0.0000","0.0000","",
"93690","1","37","1","","0","01-00612","01-00612","open","1","n","0","0","0","0","n","n","1579570738","2020","01","20","0","0","1675034779","","0","54517776 ^AIR/OIL SEPARATOR","113","AS","","0","0","0","0","4","0","0","0","25","0","EACH","0","","","0","0","0","0","0","0","","","","0.0000","0.0000","0.0000","",
"93691","1","37","1","","0","01-00613","01-00613","closed","2","n","0","0","0","0","n","n","1579570743","2020","01","20","0","0","1673926613","","0","01-00613","0","AS","","0","0","0","0","0","0","0","0","25","0","EACH","0","","","0","0","0","0","0","0","0","0","0","","","","",
"93692","1","37","1","","0","01-0062","01-0062","open","1","n","0","0","0","0","n","n","1579570747","2020","01","20","0","0","1675183738","","0","2023400100 ^CARTRIDGE, OIL","10.5","OI","","134","12","0","212","1.5","0","0","0","20","0","EACH","0","","","522","0","0","0","0","0","","1676696400","","0.0000","0.0000","0.0000","",
"93693","1","37","1","","0","01-00621","01-00621","open","1","n","0","0","0","0","n","n","1579570752","2020","01","20","0","0","1675028767","","0","CEL57P ^AIR/OIL SEPARATOR","63","AS","","33","0","0","0","5","0","0","0","25","0","EACH","0","","","0","0","0","0","0","0","","","","0.0000","0.0000","0.0000","",
"93694","1","37","1","","0","01-00622","01-00622","open","1","n","0","0","0","0","n","n","1579570756","2020","01","20","0","0","1675053839","","0","561008 ^AIR/OIL SEPARATOR","73","AS","","0","0","0","0","0","0","0","0","25","0","EACH","0","","","0","0","0","0","0","0","","","","0.0000","0.0000","0.0000","",
"93695","1","37","1","","0","01-00631","01-00631","open","1","n","0","0","0","0","n","n","1579570764","2020","01","20","0","0","1675045882","","0","use KV70-006 CEK58 ^AIR/OIL SEPARATOR","72.5","AS","","15","0","0","0","6","0","0","0","25","0","EACH","0","","","0","0","0","0","0","0","","","","0.0000","0.0000","0.0000","",
"93696","1","37","1","","0","01-00632","01-00632","open","1","n","0","0","0","0","n","n","1579570768","2020","01","20","0","0","1674989262","","0","1619-6248-00 ^AIR/OIL SEPARATOR","61.5","AS","","0","0","0","0","6","0","0","0","25","0","EACH","0","","","0","0","0","0","0","0","","","","0.0000","0.0000","0.0000","",
"93697","1","37","1","","0","01-00641","01-00641","open","1","n","0","0","0","0","n","n","1579570772","2020","01","20","0","0","1675046439","","0","use KV70-050 CEIR89EP ^AIR/OIL SEPARATOR","142.75","AS","","3","0","0","0","7","0","0","0","25","0","EACH","0","","","0","0","0","0","0","0","","","","0.0000","0.0000","0.0000","",
"93698","1","37","1","","0","01-00651","01-00651","open","1","n","0","0","0","0","n","n","1579570776","2020","01","20","0","0","1675033825","","0","1613-8397-00 ^AIR/OIL SEPARATOR","71.25","AS","","14","0","0","0","9","0","0","0","25","0","EACH","0","","STOCK","0","0","0","0","0","0","","","","0.0000","0.0000","0.0000","",
"93699","1","37","1","","0","01-00652","01-00652","open","1","n","0","0","0","0","n","n","1579570780","2020","01","20","0","0","1674989490","","0","1311 1251 00 ^ AIR/OIL SEPARATOR","78","AS","","0","0","0","0","0","0","0","0","25","0","EACH","0","","","0","0","0","0","0","0","","","","0.0000","0.0000","0.0000","",
"93700","1","37","1","","0","01-00657","01-00657","open","1","n","0","0","0","0","n","n","1579570785","2020","01","20","0","0","1674991517","","0","561450 ^AIR/OIL SEPARATOR","108.25","AS","","0","0","0","0","15","0","0","0","25","0","EACH","0","","","0","0","0","0","0","0","","","","0.0000","0.0000","0.0000","",
"93701","1","37","1","","0","01-00661","01-00661","open","1","n","0","0","0","0","n","n","1579570789","2020","01","20","0","0","1675014469","","0","CEJ85 ^AIR/OIL SEPARATOR","139.75","AS","","0","0","0","0","11","0","0","0","25","0","EACH","0","","","0","0","0","0","0","0","","","","0.0000","0.0000","0.0000","",
"93702","1","37","1","","0","01-00671","01-00671","open","1","n","0","0","0","0","n","n","1579570793","2020","01","20","0","0","1675038383","","0","561258 ^AIR/OIL SEPARATOR","60.25","AS","","0","0","0","0","0","0","0","0","25","0","EACH","0","","","0","0","0","0","0","0","","","","0.0000","0.0000","0.0000","",
"93703","1","37","1","","0","01-00681","01-00681","open","1","n","0","0","0","0","n","n","1579570797","2020","01","20","0","0","1675005986","","0","98262/8045 ^AIR/OIL SEPARATOR","84.5","AS","","2","0","0","1","0","0","0","0","25","0","EACH","0","","","0","0","0","0","0","0","","","","0.0000","0.0000","0.0000","",
"93704","1","37","1","","0","01-00691","01-00691","closed","2","n","0","0","0","0","n","n","1579570801","2020","01","20","0","0","1673926613","","0","01-00691","0","AS","","0","0","0","0","0","0","0","0","25","0","EACH","0","","","0","0","0","0","0","0","0","0","0","","","","",
"93705","1","37","1","","0","01-00701","01-00701","open","1","n","0","0","0","0","n","n","1579570806","2020","01","20","0","0","1675029859","","0","use KV70-032 40100011 ^AIR/OIL SEPARATOR KV70-032","58.75","AS","","2","0","0","0","5","0","0","0","25","0","EACH","0","","","0","0","0","0","0","0","","","","0.0000","0.0000","0.0000","",
"93706","1","37","1","","0","01-00722","01-00722","closed","2","n","0","0","0","0","n","n","1579570810","2020","01","20","0","0","1675000050","","0","22-1056 ^AIR/OIL SEPARATOR use kv155-016","62","AS","","17","0","0","0","5","0","0","0","25","0","EACH","0","","","0","0","0","0","0","0","","","","0.0000","0.0000","0.0000","",
"93707","1","37","1","","0","01-00761","01-00761","open","1","n","0","0","0","0","n","n","1579570815","2020","01","20","0","0","1675042266","","0","43-784 ^AIR/OIL SEPARATOR","82.25","AS","","0","0","0","0","0","0","0","0","25","0","EACH","0","","","0","0","0","0","0","0","","","","0.0000","0.0000","0.0000","",
"93708","1","37","1","","0","01-00791","01-00791","open","1","n","0","0","0","0","n","n","1579570822","2020","01","20","0","0","1675027960","","0","KV80-002 ^AIR/OIL SEPARATOR","72","AS","","0","0","0","0","0","0","0","0","25","0","EACH","0","","","0","0","0","0","0","0","","","","0.0000","0.0000","0.0000","",
"93709","1","37","1","","0","01-00804","01-00804","open","1","n","0","0","0","0","n","n","1579570834","2020","01","20","0","0","1674987876","","0","use KV60-001 CEJ86 ^AIR/OIL SEPARATOR","80.25","AS","","3","0","0","0","9","0","0","0","25","0","EACH","0","","","0","0","0","0","0","0","","","","0.0000","0.0000","0.0000","",
"93710","1","37","1","","0","01-00821","01-00821","closed","2","n","0","0","0","0","n","n","1579570838","2020","01","20","0","0","1675028999","","0","^AIR/OIL SEPARATOR USE KV80-003","73","AS","","0","0","0","0","6","0","0","0","25","0","EACH","0","","","0","0","0","0","0","0","","","","0.0000","0.0000","0.0000","",
"93711","1","37","1","","0","01-00822","01-00822","closed","2","n","0","0","0","0","n","n","1579570842","2020","01","20","0","0","1673926613","","0","01-00822","0","AS","","0","0","0","0","0","0","0","0","25","0","EACH","0","","","0","0","0","0","0","0","0","0","0","","","","",
"93712","1","37","1","","0","01-00823","01-00823","open","1","n","0","0","0","0","n","n","1579570847","2020","01","20","0","0","1675009102","","0","KV90-016 ^AIR/OIL SEPARATOR","70.25","AS","","0","0","0","0","6","0","0","0","25","0","EACH","0","","","0","0","0","0","0","0","","","","0.0000","0.0000","0.0000","",
"93713","1","37","1","","0","01-00824","01-00824","open","1","n","0","0","0","0","n","n","1579570851","2020","01","20","0","0","1675023340","","0","use KV95-034 172.00201 ^AIR/OIL SEPARATOR*SEE NOTES*","74.75","AS","","23","0","0","0","0","0","0","0","25","0","EACH","0","","","0","0","0","0","0","0","","","","0.0000","0.0000","0.0000","",
"93714","1","37","1","","0","01-00825","01-00825","open","1","n","0","0","0","0","n","n","1579570855","2020","01","20","0","0","1675040344","","0","43-1106 ^EXTREME AIR/OIL SEPARATOR","89","AS","","0","0","0","0","0","0","0","0","25","0","EACH","0","","","0","0","0","0","0","0","","","","0.0000","0.0000","0.0000","",
"93715","1","37","1","","0","01-00831","01-00831","open","1","n","0","0","0","0","n","n","1579570865","2020","01","20","0","0","1675018971","","0","1101-4 AIR/OIL SEPARATOR","79.5","AS","","0","1","0","0","0","0","0","0","25","0","EACH","0","","","0","0","0","0","0","0","","","","0.0000","0.0000","0.0000","",
"93716","1","37","1","","0","01-00841","01-00841","closed","2","n","0","0","0","0","n","n","1579570869","2020","01","20","0","0","1675033690","","0","CEW511 ^AIR/OIL SEPARATOR  (use KV100-002)","118.75","AS","","0","0","0","0","0","0","0","0","25","0","EACH","0","","","0","0","0","0","0","0","","","","0.0000","0.0000","0.0000","",
"93717","1","37","1","","0","01-00851","01-00851","closed","2","n","0","0","0","0","n","n","1579570873","2020","01","20","0","0","1673926613","","0","01-00851","0","AS","","0","0","0","0","0","0","0","0","25","0","EACH","0","","","0","0","0","0","0","0","0","0","0","","","","",
"93718","1","37","1","","0","01-00852","01-00852","open","1","n","0","0","0","0","n","n","1579570877","2020","01","20","0","0","1674996664","","0","D48772(NO ^HOLES) AIR/OIL SEPARATOR","91.25","AS","","0","0","0","0","0","0","0","0","25","0","EACH","0","","","0","0","0","0","0","0","","","","0.0000","0.0000","0.0000","",
"93719","1","37","1","","0","01-00853","01-00853","open","1","n","0","0","0","0","n","n","1579570881","2020","01","20","0","0","1675046383","","0","011419 ^AIR/OIL SEPARATOR","69.25","AS","","0","0","0","0","0","0","0","0","25","0","EACH","0","","","0","0","0","0","0","0","","","","0.0000","0.0000","0.0000","",
"93720","1","37","1","","0","01-00862","01-00862","open","1","n","0","0","0","0","n","n","1579570885","2020","01","20","0","0","1675007930","","0","^AIR/OIL SEPARATOR","72","AS","","2","0","0","0","6","0","0","0","25","0","EACH","0","","","0","0","0","0","0","0","","","","0.0000","0.0000","0.0000","",
"93721","1","37","1","","0","01-00865","01-00865","closed","2","n","0","0","0","0","n","n","1579570890","2020","01","20","0","0","1673926613","","0","01-00865","0","AS","","0","0","0","0","0","0","0","0","25","0","EACH","0","","","0","0","0","0","0","0","0","0","0","","","","",
"93722","1","37","1","","0","01-00881","01-00881","open","1","n","0","0","0","0","n","n","1579570894","2020","01","20","0","0","1675056563","","0","use KV88-001 AIR/OIL SEPARATOR","180.5","AS","","0","0","0","0","15","0","0","0","25","0","EACH","0","","","0","0","0","0","0","0","","","","0.0000","0.0000","0.0000","",
"93723","1","37","1","","0","01-00882","01-00882","open","1","n","0","0","0","0","n","n","1579570898","2020","01","20","0","0","1675028282","","0","0051001 ^AIR/OIL SEPARATOR","138.75","AS","","0","0","0","0","0","0","0","0","25","0","EACH","0","","","0","0","0","0","0","0","","","","0.0000","0.0000","0.0000","",
"93724","1","37","1","","0","01-00884","01-00884","open","1","n","0","0","0","0","n","n","1579570902","2020","01","20","0","0","1675044001","","0","4023.5101.2 ^AIR/OIL SEPARATOR","79","AS","","0","0","0","0","6","0","0","0","25","0","EACH","0","","","0","0","0","0","0","0","","","","0.0000","0.0000","0.0000","",
"93725","1","37","1","","0","01-00901","01-00901","open","1","n","0","0","0","0","n","n","1579570906","2020","01","20","0","0","1675028007","","0","1156531 ^AIR/OIL SEPARATOR","66.5","AS","","1","0","0","1","0","0","0","0","25","0","EACH","0","","","0","0","0","0","0","0","","","","0.0000","0.0000","0.0000","",
"93726","1","37","1","","0","01-00911","01-00911","closed","2","n","0","0","0","0","n","n","1579570910","2020","01","20","0","0","1673926613","","0","01-00911","0","AS","","0","0","0","0","0","0","0","0","25","0","EACH","0","","","0","0","0","0","0","0","0","0","0","","","","",
"93727","1","37","1","","0","01-00921","01-00921","open","1","n","0","0","0","0","n","n","1579570915","2020","01","20","0","0","1675032902","","0","157-190-S ^AIR/OIL SEPARATOR","130","AS","","0","0","0","0","7","0","0","0","25","0","EACH","0","","","0","0","0","0","0","0","","","","0.0000","0.0000","0.0000","",
"93728","1","37","1","","0","01-00931","01-00931","closed","2","n","0","0","0","0","n","n","1579570919","2020","01","20","0","0","1673926613","","0","01-00931","0","AS","","0","0","0","0","0","0","0","0","25","0","EACH","0","","","0","0","0","0","0","0","0","0","0","","","","",
"93729","1","37","1","","0","01-00941","01-00941","open","1","n","0","0","0","0","n","n","1579570923","2020","01","20","0","0","1675005448","","0","use KV70-001K AIR/OIL SEPARATOR","84","AS","","3","0","0","0","4","0","0","0","25","0","EACH","0","","","0","0","0","0","0","0","","","","0.0000","0.0000","0.0000","",
"93730","1","37","1","","0","01-00942","01-00942","closed","2","n","0","0","0","0","n","n","1579570927","2020","01","20","0","0","1673926613","","0","01-00942","0","AS","","0","0","0","0","0","0","0","0","25","0","EACH","0","","","0","0","0","0","0","0","0","0","0","","","","",
"93731","1","37","1","","0","01-00971","01-00971","open","1","n","0","0","0","0","n","n","1579570932","2020","01","20","0","0","1675027368","","0","1614-5563-00 ^AIR/OIL SEPARATOR","72","AS","","0","0","0","0","8","0","0","0","25","0","EACH","0","","","0","0","0","0","0","0","","","","0.0000","0.0000","0.0000","",
"93732","1","37","1","","0","01-00981","01-00981","open","1","n","0","0","0","0","n","n","1579570936","2020","01","20","0","0","1675060756","","0","use KV100-016 92866508 ^AIR/OIL SEPARATOR","59.75","AS","","1","0","0","0","6","0","0","0","25","0","EACH","0","","","0","0","0","0","0","0","","","","0.0000","0.0000","0.0000","",
"93733","1","37","1","","0","01-00991","01-00991","open","1","n","0","0","0","0","n","n","1579570940","2020","01","20","0","0","1674986822","","0","use KV60-053 CEIR65P ^AIR/OIL SEPARATOR","59.75","AS","","45","0","0","0","5","0","0","0","25","0","EACH","0","","","0","0","0","0","0","0","","","","0.0000","0.0000","0.0000","",
"93734","1","37","1","","0","01-01001","01-01001","open","1","n","0","0","0","0","n","n","1579570944","2020","01","20","0","0","1675001902","","0","use KV88-007 ^AIR/OIL SEPARATOR","67","AS","","4","0","0","0","7","0","0","0","25","0","EACH","0","","","0","0","0","0","0","0","","","","0.0000","0.0000","0.0000","",
"93735","1","37","1","","0","01-01002","01-01002","open","1","n","0","0","0","0","n","n","1579570952","2020","01","20","0","0","1675045909","","0","CEL69A ^AIR/OIL SEPARATOR","97.75","AS","","0","0","0","0","0","0","0","0","25","0","EACH","0","","","0","0","0","0","0","0","","","","0.0000","0.0000","0.0000","",
"93736","1","37","1","","0","01-01003","01-01003","open","1","n","0","0","0","0","n","n","1579570956","2020","01","20","0","0","1675014597","","0","19162186 ^AIR/OIL SEPARATOR","52.75","AS","","0","0","0","0","6","0","0","0","25","0","EACH","0","","","0","0","0","0","0","0","","","","0.0000","0.0000","0.0000","",
"93737","1","37","1","","0","01-01005","01-01005","open","1","n","0","0","0","0","n","n","1579570960","2020","01","20","0","0","1674416309","","0","9056979 ^AIR/OIL SEPARATOR","92.25","AS","","9","0","0","0","5","0","0","0","25","0","EACH","0","","STOCK","0","0","0","0","0","0","","","","0.0000","0.0000","0.0000","",
"93738","1","37","1","","0","01-01031","01-01031","open","1","n","0","0","0","0","n","n","1579570964","2020","01","20","0","0","1675012278","","0","CEJ69A ^AIR/OIL SEPARATOR","84.5","AS","","0","0","0","0","7","0","0","0","25","0","EACH","0","","","0","0","0","0","0","0","","","","0.0000","0.0000","0.0000","",
"93739","1","37","1","","0","01-01032","01-01032","open","1","n","0","0","0","0","n","n","1579570968","2020","01","20","0","0","1675020077","","0","Q1918 ^AIR/OIL SEPARATOR","91.25","AS","","0","0","0","0","8","0","0","0","25","0","EACH","0","","","0","0","0","0","0","0","","","","0.0000","0.0000","0.0000","",
"93740","1","37","1","","0","01-01033","01-01033","open","1","n","0","0","0","0","n","n","1579570972","2020","01","20","0","0","1674999906","","0","CEJ69P ^AIR/OIL SEPARATOR","97","AS","","0","0","0","0","6","0","0","0","25","0","EACH","0","","","0","0","0","0","0","0","","","","0.0000","0.0000","0.0000","",
"93741","1","37","1","","0","01-01042","01-01042","closed","2","n","0","0","0","0","n","n","1579570976","2020","01","20","0","0","1673926613","","0","01-01042","0","AS","","0","0","0","0","8","0","0","0","25","0","EACH","0","","","0","0","0","0","0","0","0","0","0","","","","",
"93742","1","37","1","","0","01-01043","01-01043","open","1","n","0","0","0","0","n","n","1579570980","2020","01","20","0","0","1675015016","","0","98262/5073 ^AIR/OIL SEPARATOR","127","AS","","0","0","0","0","0","0","0","0","25","0","EACH","0","","","0","0","0","0","0","0","","","","0.0000","0.0000","0.0000","",
"93743","1","37","1","","0","01-01045","01-01045","open","1","n","0","0","0","0","n","n","1579570984","2020","01","20","0","0","1675038466","","0","use KV100-023 1613-6880-00 ^AIR/OIL SEPARATOR","86.25","AS","","47","0","0","0","8","0","0","0","25","0","EACH","0","","","0","0","0","0","0","0","","","","0.0000","0.0000","0.0000","",
"93744","1","37","1","","0","01-01051","01-01051","closed","2","n","0","0","0","0","n","n","1579570989","2020","01","20","0","0","1675051010","","0","CEJ106 ^AIR/OIL SEPARATOR use kv105-001","121.5","AS","","6","0","0","0","18","0","0","0","25","0","EACH","0","","","0","0","0","0","0","0","","","","0.0000","0.0000","0.0000","",
"93745","1","37","1","","0","01-01059","01-01059","closed","2","n","0","0","0","0","n","n","1579570993","2020","01","20","0","0","1629238226","","0","01-01059","0","AS","","0","0","0","0","2","0","0","0","25","0","EACH","0","","","0","0","0","0","0","0","","","","","","","",
"93746","1","37","1","","0","01-01061","01-01061","open","1","n","0","0","0","0","n","n","1579570997","2020","01","20","0","0","1674986910","","0","1613-6841-00 ^AIR/OIL SEPARATOR","130","AS","","0","0","0","0","9","0","0","0","25","0","EACH","0","","","0","0","0","0","0","0","","","","0.0000","0.0000","0.0000","",
"93747","1","37","1","","0","01-01071","01-01071","open","1","n","0","0","0","0","n","n","1579571002","2020","01","20","0","0","1675036522","","0","561431 ^AIR/OIL SEPARATOR","91.75","AS","","0","0","0","0","0","0","0","0","25","0","EACH","0","","","0","0","0","0","0","0","","","","0.0000","0.0000","0.0000","",
"93748","1","37","1","","0","01-01072","01-01072","open","1","n","0","0","0","0","n","n","1579571007","2020","01","20","0","0","1675034332","","0","EAS60 ^AIR/OIL SEPARATOR","72","AS","","0","0","0","0","0","0","0","0","25","0","EACH","0","","","0","0","0","0","0","0","","","","0.0000","0.0000","0.0000","",
"93749","1","37","1","","0","01-01081","01-01081","open","1","n","0","0","0","0","n","n","1579571011","2020","01","20","0","0","1674998492","","0","22114040 ^(U5IA) AIR/OIL SEPARATOR","58.75","AS","","0","0","0","0","8","0","0","0","25","0","EACH","0","","","0","0","0","0","0","0","","","","0.0000","0.0000","0.0000","",
"93750","1","37","1","","0","01-01091","01-01091","closed","2","n","0","0","0","0","n","n","1579571015","2020","01","20","0","0","1673926613","","0","01-01091","0","AS","","0","0","0","0","0","0","0","0","25","0","EACH","0","","","0","0","0","0","0","0","0","0","0","","","","",
"93751","1","37","1","","0","01-01101","01-01101","open","1","n","0","0","0","0","n","n","1579571020","2020","01","20","0","0","1674995717","","0","use KV90-001K  AIR/OIL SEPARATOR","85.75","AS","","0","0","0","0","5","0","0","0","25","0","EACH","0","","","0","0","0","0","0","0","","","","0.0000","0.0000","0.0000","",
"93752","1","37","1","","0","01-01121","01-01121","open","1","n","0","0","0","0","n","n","1579571025","2020","01","20","0","0","1674996972","","0","3422007500 ^AIR/OIL SEPARATOR","116.25","AS","","0","0","0","0","8","0","0","0","25","0","EACH","0","","","0","0","0","0","0","0","","","","0.0000","0.0000","0.0000","",
"93753","1","37","1","","0","01-01142","01-01142","open","1","n","0","0","0","0","n","n","1579571029","2020","01","20","0","0","1675015666","","0","use KV110-003 98262/108 ^AIR/OIL SEPARATOR","70.75","AS","","48","0","0","0","6","0","0","0","25","0","EACH","0","","STOCK","0","0","0","0","0","0","","","","0.0000","0.0000","0.0000","",
"93754","1","37","1","","0","01-01143","01-01143","closed","2","n","0","0","0","0","n","n","1579571034","2020","01","20","0","0","1673926613","","0","01-01143","0","AS","","0","0","0","0","0","0","0","0","25","0","EACH","0","","","0","0","0","0","0","0","0","0","0","","","","",
"93755","1","37","1","","0","01-01150","01-01150","closed","2","n","0","0","0","0","n","n","1579571042","2020","01","20","0","0","1673926613","","0","01-01150","0","AS","","0","0","0","0","0","0","0","0","25","0","EACH","0","","","0","0","0","0","0","0","0","0","0","","","","",
"93756","1","37","1","","0","01-01161","01-01161","open","1","n","0","0","0","0","n","n","1579571046","2020","01","20","0","0","1675052996","","0","use KV610-014 38008579 ^AIR/OIL SEPARATOR","170","AS","","26","0","0","0","8","0","0","0","25","0","EACH","0","","","0","0","0","0","0","0","","","","0.0000","0.0000","0.0000","",
"93757","1","37","1","","0","01-01175","01-01175","open","1","n","0","0","0","0","n","n","1579571050","2020","01","20","0","0","1675049384","","0","use KV120-005  AIR/OIL SEPARATOR","95","AS","","3","0","0","0","7","0","0","0","25","0","EACH","0","","","0","0","0","0","0","0","","","","0.0000","0.0000","0.0000","",
"93758","1","37","1","","0","01-01181","01-01181","open","1","n","0","0","0","0","n","n","1579571053","2020","01","20","0","0","1675037668","","0","use KV325-034P 305229 ^AIR/OIL SEPARATOR","110.25","AS","","2","0","0","0","8","0","0","0","25","0","EACH","0","","","0","0","0","0","0","0","","","","0.0000","0.0000","0.0000","",
"93759","1","37","1","","0","01-01182/2","01-01182-2","open","1","n","0","0","0","0","n","n","1579571057","2020","01","20","0","0","1675055586","","0","SELL XD-01182","75","AS","","0","0","0","0","4","0","0","0","25","0","EACH","0","","","0","0","0","0","0","0","","","","0.0000","0.0000","0.0000","",
"93760","1","37","1","","0","01-01183","01-01183","closed","2","n","0","0","0","0","n","n","1579571061","2020","01","20","0","0","1673926613","","0","01-01183","0","AS","","0","0","0","0","0","0","0","0","25","0","EACH","0","","","0","0","0","0","0","0","0","0","0","","","","",
"93761","1","37","1","","0","01-01189","01-01189","open","1","n","0","0","0","0","n","n","1579571065","2020","01","20","0","0","1675024619","","0","01-01189","168.5","AS","","0","0","0","0","0","0","0","0","25","0","EACH","0","","","0","0","0","0","0","0","","","","0.0000","0.0000","0.0000","",
"93762","1","37","1","","0","01-01191","01-01191","open","1","n","0","0","0","0","n","n","1579571070","2020","01","20","0","0","1675041485","","0","CES69AP ^AIR/OIL SEPARATOR","65.25","AS","","0","0","0","0","6","0","0","0","25","0","EACH","0","","","0","0","0","0","0","0","","","","0.0000","0.0000","0.0000","",
"93763","1","37","1","","0","01-01192","01-01192","closed","2","n","0","0","0","0","n","n","1579571074","2020","01","20","0","0","1675031067","","0","CEIR611 ^AIR/OIL SEPARATOR use kv125-035p","76.75","AS","","21","0","0","0","6","0","0","0","25","0","EACH","0","","","0","0","0","0","0","0","","","","0.0000","0.0000","0.0000","",
"93764","1","37","1","","0","01-01194","01-01194","closed","2","n","0","0","0","0","n","n","1579571079","2020","01","20","0","0","1673926613","","0","01-01194","0","AS","","0","0","0","0","6","0","0","0","25","0","EACH","0","","","0","0","0","0","0","0","0","0","0","","","","",
"93765","1","37","1","","0","01-01201","01-01201","closed","2","n","0","0","0","0","n","n","1579571084","2020","01","20","0","0","1673926613","","0","01-01201","0","AS","","0","0","0","0","0","0","0","0","25","0","EACH","0","","","0","0","0","0","0","0","0","0","0","","","","",
"93766","1","37","1","","0","01-01202","01-01202","closed","2","n","0","0","0","0","n","n","1579571088","2020","01","20","0","0","1673926613","","0","01-01202","0","AS","","0","0","0","0","12","0","0","0","25","0","EACH","0","","","0","0","0","0","0","0","0","0","0","","","","",
"93767","1","37","1","","0","01-01203","01-01203","closed","2","n","0","0","0","0","n","n","1579571092","2020","01","20","0","0","1636400035","","0","01-01203","0","AS","","0","0","0","0","0","0","0","0","25","0","EACH","0","","","0","0","0","0","0","0","","","","","","","",
"93768","1","37","1","","0","01-01221","01-01221","open","1","n","0","0","0","0","n","n","1579571097","2020","01","20","0","0","1675003010","","0","3422008300 ^AIR/OIL SEPARATOR","125.75","AS","","4","0","0","0","8","0","0","0","25","0","EACH","0","","","0","0","0","0","0","0","","","","0.0000","0.0000","0.0000","",
"93769","1","37","1","","0","01-01222/2","01-01222-2","open","1","n","0","0","0","0","n","n","1579571102","2020","01","20","0","0","1675000723","","0","use KV150-059 6.3566.0 AIR/OIL SEPARATOR","87.75","AS","","21","0","0","0","0","0","0","0","25","0","EACH","0","","STOCK","0","0","0","0","0","0","","","","0.0000","0.0000","0.0000","",
